Date,open,high,low,close,settle,amt,volume,oi
2016/3/31,258,258.1,255.35,256.15,256.6,69266831400,269920,279210
2016/4/1,257.5,257.8,256.1,257.2,256.85,59793716900,232786,272338
2016/4/5,255.05,256.35,254.2,256.05,255.65,24398856900,95420,270088
2016/4/6,257.5,257.7,256.1,256.75,256.85,50036012000,194794,273552
2016/4/7,255.2,257.1,255,256.45,256.05,58194798500,227246,279408
2016/4/8,258.4,259.35,257.65,258,258.4,66570930900,257602,283298
2016/4/11,257.7,261.15,257.4,260.55,259.3,63676044500,245542,287684
2016/4/12,260.95,262,260.4,261.8,261.25,49451381500,189268,291346
2016/4/13,262.05,262.65,260,260.4,261.45,70132083400,268234,282358
2016/4/14,260.5,261.05,257,257.8,259,70866440400,273610,278694
2016/4/15,257.6,258.25,256.05,257.2,257.1,60702940300,236076,265642
2016/4/18,257.15,258.7,256.2,257.35,257.55,55931156700,217164,259854
2016/4/19,258.55,260,256.55,259.85,257.95,61739206400,239320,260238
2016/4/20,261,262.5,259.65,260.65,261.15,84997371100,325448,258636
2016/4/21,261,264.15,260,264,261.85,91830694000,350660,274058
2016/4/22,265.7,266.5,260,260.6,262.15,1.05E+11,401306,242932
2016/4/25,260.7,261.3,256.95,258.65,259.2,96675653000,372910,221956
2016/4/26,258.75,260,258,258.1,259.2,44681718600,172382,208928
2016/4/27,258.55,261.45,258.25,261.3,260.3,65875099000,253034,193114
2016/4/28,261.9,262.75,259.3,262.25,261.1,89534718900,342874,177568
2016/4/29,262.15,267.95,261.75,266.45,265,92029317900,347256,177698
2016/5/3,269.5,271.65,269.1,271.5,270.25,41140777100,152216,161770
2016/5/4,273.65,273.65,270.3,270.65,271.5,45094353600,166064,217452
2016/5/5,271.55,272.7,269.3,270.25,271.05,45613997000,168280,223004
2016/5/6,271.75,272,267.65,270.75,269.95,69596587900,257778,229060
2016/5/9,272.8,273.45,269.7,270.05,271.65,99025809400,364526,244720
2016/5/10,268.75,268.95,266.2,267.6,267.3,72043372600,269504,232556
2016/5/11,267.25,269.45,265.35,268.9,267.4,67412650500,252092,238998
2016/5/12,269.45,270,267.65,268.1,268.8,52583760600,195620,240004
2016/5/13,268.25,270.7,267.3,270.1,268.8,83264642300,309730,251788
2016/5/16,267.9,272.4,267.8,272.05,270,80393166700,297706,281686
2016/5/17,272.7,273.15,269.2,270.1,270.85,75351512000,278192,270764
2016/5/18,269.65,271.55,269.5,270.2,270.55,63977204400,236438,276598
2016/5/19,269.95,271.2,265.9,265.95,268.55,97332903900,362390,279720
2016/5/20,264.1,266.85,264.1,266.1,265.4,60788813300,229012,285308
2016/5/23,266.8,267.45,264.75,265.45,265.75,62990805700,237010,296306
2016/5/24,264.55,265.75,263.3,263.6,264.5,64744428000,244742,302680
2016/5/25,262.8,263.6,259.5,259.7,261.4,83162765300,318086,311778
2016/5/26,259.2,261.75,258.35,260.7,259.95,61546126100,236722,307562
2016/5/27,260.9,261.55,257.15,259.5,259.25,73222859100,282392,304944
2016/5/30,258.8,258.95,255.15,256.45,256.85,76752792400,298804,311692
2016/5/31,256.75,259,256.5,258.95,257.95,53512328700,207452,280976
2016/6/1,258.2,260.45,258.15,259.35,259.3,58209537500,224472,282330
2016/6/2,259.8,259.8,257.3,259.65,258.65,53412364400,206500,285598
2016/6/3,259.5,259.5,257.9,258.65,258.5,38383470100,148472,283090
2016/6/6,263.25,264.75,262.95,264.4,263.8,78704563200,298338,269594
2016/6/7,264.9,265.5,263.9,264.85,264.85,48699778000,183862,266688
2016/6/8,264,266.7,263.8,266.55,265.15,42945057300,161948,269490
2016/6/13,272,274.4,271.45,274.15,272.75,49590401500,181804,283924
2016/6/14,275,275.25,272.75,273.35,273.8,57652600700,210538,279248
2016/6/15,274.5,275.8,273.8,275.2,274.85,69586444700,253134,297362
2016/6/16,274.4,280.4,273.65,279.95,276.9,1.01E+11,363092,324660
2016/6/17,279.95,281.15,272.1,273.2,276.5,1.51E+11,546056,320060
2016/6/20,274.6,276.35,272.8,273.75,274.45,89780791500,327082,318602
2016/6/21,273.65,275.05,272.55,273.2,273.7,69010598300,252118,317422
2016/6/22,271,271.6,268.8,269.6,270.4,74367494200,275022,314488
2016/6/23,269.1,271.2,269,269.75,269.9,64865053300,240326,311720
2016/6/24,268.4,283.35,268.2,282.25,276.25,2.76E+11,997696,351222
2016/6/27,283.5,285.2,280.35,284.65,282.8,1.64E+11,580666,336628
2016/6/28,285.1,285.65,282.8,283.35,284.15,92577543400,325764,337380
2016/6/29,282.85,284.8,282.2,284.3,283.5,85336000500,300974,339374
2016/6/30,284.5,285.5,282.7,283,283.9,81607337800,287436,333492
2016/7/1,283.55,288.65,283.1,287.15,285.45,1.27E+11,445956,356164
2016/7/4,288.05,293.7,287.5,292.15,290.55,1.62E+11,558068,391306
2016/7/5,292.6,292.85,288.6,290.8,291.05,1.00E+11,344286,368924
2016/7/6,291.75,297.7,289.75,296.7,293.9,1.59E+11,542390,381340
2016/7/7,296.95,297.4,295.1,295.7,296.2,1.01E+11,341338,374042
2016/7/8,294.6,294.6,291.75,292.8,293.1,98874477300,337310,356062
2016/7/11,291.05,297,290.9,295,294.35,1.28E+11,434348,361060
2016/7/12,293,294.75,292.55,293.6,293.7,74036334200,252080,367662
2016/7/13,291.8,292.35,287.65,290.8,290,1.31E+11,450672,372344
2016/7/14,290.55,291.85,288.55,288.85,290.25,88405807200,304580,367140
2016/7/15,286.3,289.2,285.75,288.95,287.65,79923422700,277810,370190
2016/7/18,288.25,289.2,286.75,288.15,287.95,87478167100,303768,368142
2016/7/19,288.4,290.25,287.65,288.7,288.8,69205830900,239612,372068
2016/7/20,288.8,289.7,287.5,287.55,288.7,63366555600,219452,373546
2016/7/21,284.85,285.6,283.5,284.6,284.5,75030699800,263726,362946
2016/7/22,284.9,288,284.15,286.3,286.35,81424588700,284348,359946
2016/7/25,286.2,286.5,284.05,284.8,285.3,55521711800,194602,358870
2016/7/26,284.7,286.25,283.65,285.2,285,56313065500,197578,358204
2016/7/27,285.5,285.95,284.3,285,285.15,48483864800,170012,362740
2016/7/28,285.6,289.8,285.6,289.25,287.7,81159903500,282092,367096
2016/7/29,289.8,289.8,287.15,287.45,288.35,62932637400,218240,359396
2016/8/1,290,290.7,287.9,289.65,289.6,76206505800,263120,364264
2016/8/2,289.95,291.4,289.65,291.15,290.4,54121569500,186350,368132
2016/8/3,292.7,293.35,292.1,292.6,292.75,53411153700,182442,369418
2016/8/4,292.55,292.55,289.65,289.75,291.05,66696499200,229126,363464
2016/8/5,292.65,293.55,291.8,293.3,292.6,55551736800,189834,367134
2016/8/8,290,290.1,286.9,287.05,288.55,75261648800,260816,362960
2016/8/9,287.65,288.2,286.7,286.8,287.45,38319522200,133298,361456
2016/8/10,287.15,291.4,287,290.9,289.3,60363403900,208638,361804
2016/8/11,291.15,291.25,287.9,288.5,289.2,63304633900,218884,364760
2016/8/12,289.25,290.6,287,288.25,288.95,59950544500,207452,361684
2016/8/15,290.7,291.05,283.8,287.7,288.65,79853538000,276634,354846
2016/8/16,287.2,289.6,287.05,289,288.3,48545733800,168358,358256
2016/8/17,288.85,289.35,287.3,287.6,288.15,63404516000,220036,355932
2016/8/18,288.15,290.25,286.15,289.3,288.85,58406282200,202202,357676
2016/8/19,289.3,289.9,288.45,289.3,289.1,46193167000,159760,357870
2016/8/22,287.3,289.5,286.3,286.7,287.7,66401525100,230778,363330
2016/8/23,287.35,287.65,286.8,287.25,287.25,30285683000,105430,358476
2016/8/24,288.15,288.45,287,287.4,287.5,38788780900,134914,358384
2016/8/25,286.65,286.65,284.3,284.75,285.2,55014504300,192890,361324
2016/8/26,283.75,285.15,283.15,284.8,284.2,33748706300,118746,355384
2016/8/29,286.3,288.8,283.2,283.9,285.45,1.19E+11,418364,355204
2016/8/30,284.5,285.65,284.35,284.65,284.9,41017692700,143950,346096
2016/8/31,284.25,284.75,282.8,283.4,283.85,56120183600,197694,337940
2016/9/1,282.4,283.6,282.15,282.75,282.95,47183635600,166752,327980
2016/9/2,282.1,284.05,282,283.15,283.35,60849217900,214742,320942
2016/9/5,285.85,287,284.85,286.65,285.85,65073718800,227614,321394
2016/9/6,286.75,287,286.4,286.95,286.7,22255538000,77624,318452
2016/9/7,288.25,291.7,288.05,290.85,289.85,68947837200,237860,317164
2016/9/8,290.95,291,289.15,290.45,290,38065164700,131246,315700
2016/9/9,290,290.15,288.45,288.65,289.2,51931916700,179550,317912
2016/9/12,288.6,289.2,286.6,287.5,287.9,52930781500,183842,320156
2016/9/13,286.65,288.1,285.85,287.45,286.9,54694150900,190612,318016
2016/9/14,286.5,287.1,284.8,286,285.95,49735386700,173902,320806
2016/9/19,283.55,284.85,283.05,284.55,284.2,23999197300,84438,321814
2016/9/20,284.1,284.9,284.1,284.85,284.55,29411976900,103348,323364
2016/9/21,284.55,285.75,283.65,285.35,284.8,43515055600,152780,324646
2016/9/22,287,288.25,284.85,287.7,287.2,59846285800,208376,314404
2016/9/23,288.3,289.7,287.8,288.15,288.6,49002079300,169772,310996
2016/9/26,288.7,288.9,287.5,288.1,288.3,36556629600,126784,306600
2016/9/27,288.65,289.3,287.6,287.7,288.5,39116110700,135572,307978
2016/9/28,287.45,287.5,285.3,285.45,286.05,49607551800,173412,304024
2016/9/29,285.6,285.95,284.4,284.75,285.2,37997486900,133208,298064
2016/9/30,283.9,285.55,283.9,285.3,284.75,35616673500,125074,292310
2016/10/10,273.6,274.2,272.35,274,273.35,41287665000,151026,282202
2016/10/11,273.3,274.1,273.05,273.9,273.55,49318365200,180290,294926
2016/10/12,273.05,274.05,272.95,273.3,273.35,38922747800,142370,295548
2016/10/13,273.05,274.7,272.5,274.2,273.4,57799252900,211380,295356
2016/10/14,273.75,274.9,273.25,273.45,273.9,42852049300,156426,296788
2016/10/17,272.8,274.25,272.6,273.7,273.3,53188541000,194610,299380
2016/10/18,273.65,275.4,273.45,275.2,274.3,41342482600,150702,298968
2016/10/19,275.05,275.75,274.15,275.2,275.05,37639560500,136832,296264
2016/10/20,276.8,277.7,276.5,277.25,277.05,43249467000,156082,295204
2016/10/21,277.25,277.95,275.7,276.3,276.4,45616626500,165012,284304
2016/10/24,277.1,277.4,276.5,277.05,276.9,36224377600,130816,281088
2016/10/25,278.25,278.8,276.6,277.9,277.5,47286816000,170374,278640
2016/10/26,278.15,279.9,277.9,279.2,279.05,52048315400,186498,259932
2016/10/27,278.6,279.1,277.4,278.25,278.1,42976233800,154518,241346
2016/10/28,279.1,279.45,277.95,278.5,278.45,40705535500,146162,226468
2016/10/31,277.45,281.35,277.45,279.65,279.35,64689549900,231556,208032
2016/11/1,279.2,280.75,278.75,280.25,279.65,34122675200,122000,196426
2016/11/2,281.55,283.1,281.35,282.95,281.95,40141708200,142370,191694
2016/11/3,283.4,285,283,283.75,283.95,43545221000,153342,179110
2016/11/4,282.4,284.55,282.1,282.4,283.25,38482215100,135836,165716
2016/11/7,284.05,284.75,281.6,281.85,283.05,38188177100,134896,152006
2016/11/8,281.75,281.8,279.65,281.2,280.85,27537239900,98046,146142
2016/11/9,283.3,293,281.75,291.65,287.3,77802846600,270780,179558
2016/11/10,288,289.6,283.3,286.15,286.45,62177359200,217030,199378
2016/11/11,285.05,286,279.25,281.75,282.4,70246107700,248716,217910
2016/11/14,280.9,282,269.8,272.95,275.2,99145131100,360232,228372
2016/11/15,273.95,276.45,272.8,275.95,274.5,67452018800,245686,229724
2016/11/16,275.85,277.65,275,277.05,276.35,49763643600,180050,233816
2016/11/17,276.55,277.5,276.25,276.5,276.85,37912937900,136938,235730
2016/11/18,277,277.15,273.05,273.45,274.95,59423954700,216120,241806
2016/11/21,273.85,275.6,273,275.55,274.25,52020748300,189682,248640
2016/11/22,275.6,276.95,274.5,276.25,276,49525201200,179428,253582
2016/11/23,276.2,276.95,275.05,276.6,276,49097991100,177860,255416
2016/11/24,276,276,272.7,273.7,273.8,93271140700,340644,266746
2016/11/25,273.4,273.65,268.45,271.4,271.25,68774290300,253516,272100
2016/11/28,272.5,275.3,271.25,273.8,273.2,70169635500,256832,272312
2016/11/29,273.6,274.55,272.4,272.75,273.5,55931738400,204490,275378
2016/11/30,271.5,272.3,270.55,271.05,271.3,54275860500,200036,278538
2016/12/1,270.15,270.9,266.6,269.25,269.05,85665970200,318392,296638
2016/12/2,267.95,269.4,266.6,268.85,268,55437372500,206838,301358
2016/12/5,268.1,270.9,267.05,268.75,269.1,77844387600,289230,302008
2016/12/6,268.3,269.5,267.1,268.15,268.25,63030090800,234960,315832
2016/12/7,268.6,268.65,267.45,267.7,268,45723235100,170588,326816
2016/12/8,268.6,270.95,268.35,269.75,269.75,66003346600,244680,329794
2016/12/9,269.35,270.2,268.3,269.5,269.3,47811280600,177508,331766
2016/12/12,268.35,269.35,267.2,267.95,268.25,54705420900,203912,344840
2016/12/13,267.7,269.35,267.25,268.2,268.4,46468501500,173102,349590
2016/12/14,268.15,269.9,267.65,269.65,268.75,66536765500,247566,366272
2016/12/15,269.6,270.6,264.8,266.95,267.9,83715491500,312470,366840
2016/12/16,265,265.85,264.3,265.35,265.3,62577331700,235872,357144
2016/12/19,265.45,266.95,265.1,266.6,266.05,45880871900,172448,356986
2016/12/20,266.45,266.9,264.55,265.25,266.15,41796990900,157024,353076
2016/12/21,263.8,265.45,262.1,264.85,263.55,54967885400,208540,354770
2016/12/22,264.45,264.85,262.8,263.3,263.85,31413139600,119052,360090
2016/12/23,262.8,264.3,262.45,263.55,263.55,40984822700,155500,366702
2016/12/26,263.75,265.1,263.3,264.75,264.05,33761361100,127840,359872
2016/12/27,264.85,266.1,264.4,266.1,265.35,35034410900,132016,367772
2016/12/28,266.15,267.85,265.35,267.3,266.55,45966679900,172420,368704
2016/12/29,266.5,269.15,266,268.75,267.7,58135091400,217154,370722
2016/12/30,268.05,272.15,268,271.35,270.35,69677138500,257682,383078
2017/1/3,269.7,271.15,269.45,269.75,270.3,36424652100,134748,391396
2017/1/4,268.5,271.25,268.35,270.4,269.95,64053155900,237240,403990
2017/1/5,270.3,270.6,268.15,269.5,269.2,75719129600,281262,401602
2017/1/6,269,269.85,268.7,268.85,269.3,62429676200,231806,394922
2017/1/9,268.65,270.4,268.65,269.75,269.5,47250116400,175304,395864
2017/1/10,270.35,272.1,270.2,271.5,271.15,54689074900,201672,401688
2017/1/11,271.25,272.4,270.9,271.85,271.65,49791909400,183268,396044
2017/1/12,271.7,272.55,268.65,272.25,270.7,92666200600,342304,388946
2017/1/13,272.3,272.5,270.5,271.25,271.35,50312060900,185390,379636
2017/1/16,271.6,273.45,270.45,272.95,271.7,58473135600,215196,382384
2017/1/17,272.5,274.9,272.25,274.6,273.55,43242634200,158070,383002
2017/1/18,274.1,274.95,272.45,273.5,274.1,53250775700,194254,373502
2017/1/19,273.15,273.6,270.2,270.7,271.7,48046161300,176830,365152
2017/1/20,271.2,271.75,270.1,271.4,270.95,43249003300,159596,364202
2017/1/23,270.85,273.7,270.55,272.75,272.15,47772204900,175522,362246
2017/1/24,272.7,273.3,272.1,272.35,272.7,32674589000,119818,358716
2017/1/25,272.15,272.8,267.85,269.6,270.9,40483327600,149430,338086
2017/1/26,269.6,270.05,266.65,267.6,267.95,38276112400,142822,318662
2017/2/3,270.1,271.95,270.1,271.6,271.3,22272589200,82082,306362
2017/2/6,271.3,274.4,270.25,274.3,272.7,52025063900,190770,318510
2017/2/7,275.15,276.7,274.6,276.5,275.55,44195375300,160366,321182
2017/2/8,276.35,277.25,275.85,276.75,276.65,39394297000,142374,324290
2017/2/9,278.7,279.2,278.05,278.2,278.45,41329921400,148408,319670
2017/2/10,278.1,278.85,274.6,275.25,276.6,61114737100,220922,307194
2017/2/13,275.6,277.3,275.3,276.4,276.3,54546694300,197398,299460
2017/2/14,276,276.2,274.05,276,275.25,44880224600,163040,296866
2017/2/15,276.6,276.7,274,274.95,275.25,51906904500,188556,292854
2017/2/16,275,277.15,273.5,276.35,275.4,61785764200,224336,288304
2017/2/17,277.25,277.9,276.8,277.45,277.35,43243330700,155914,289940
2017/2/20,278.2,278.6,276.2,276.85,277.35,41257782700,148746,286374
2017/2/21,277.15,277.65,276.6,277.5,277.15,27497274400,99214,285070
2017/2/22,276.5,278.15,275.75,277.2,277.05,44306304300,159914,284724
2017/2/23,277.65,278.15,276.5,277.75,277.4,42514372400,153238,283014
2017/2/24,278.8,281.7,278.4,281.15,280,76621108900,273622,311104
2017/2/27,282.2,282.45,280.55,282.15,281.75,50812145200,180334,300578
2017/2/28,281.85,283.35,280.95,281.2,281.85,45278097100,160636,294068
2017/3/1,281.15,281.95,278.65,279.15,280.15,58627302800,209236,283306
2017/3/2,279.1,280.4,278.15,279.45,279.25,47709741000,170848,281422
2017/3/3,278.9,279.25,276.9,277.4,278,66220755100,238202,275322
2017/3/6,276.9,278.55,276.5,277.45,277.3,50489100500,182046,275560
2017/3/7,277.45,277.9,276.1,276.4,276.85,38047271700,137414,277758
2017/3/8,276,276,274.5,274.55,275.05,47971628300,174404,271694
2017/3/9,273.95,274.7,272.6,273.25,273.65,58489575400,213736,275000
2017/3/10,273.4,273.85,271,271.05,272.35,54689471100,200774,274928
2017/3/13,271.15,273.65,270.75,273.65,272.25,67356947300,247398,267394
2017/3/14,272.5,273.1,272.2,272.35,272.65,35300564400,129460,270226
2017/3/15,272.55,273.25,271.6,272.5,272.5,41145138400,150980,270808
2017/3/16,271.8,277.3,271.6,277.15,274.95,71882094700,261416,274042
2017/3/17,278.15,278.25,276.5,277.05,277.05,38226119900,137970,267062
2017/3/20,277.4,278.55,276.95,278.45,277.8,38543143300,138722,277684
2017/3/21,278.25,278.75,276.65,277.35,277.6,46624066300,167944,267612
2017/3/22,277.65,280.35,277.5,279.8,279.25,68319888800,244648,273378
2017/3/23,279.75,280.2,278.9,279.75,279.5,45962960900,164432,266140
2017/3/24,280.45,280.7,278.45,278.95,279.3,51451088800,184200,262698
2017/3/27,279.2,282.25,278.75,282,280.6,45712098100,162888,270268
2017/3/28,282.05,282.35,280.95,281.2,281.5,41899086600,148832,262582
2017/3/29,282.05,282.15,280.05,280.6,281.1,44865206300,159592,257224
2017/3/30,280.95,281.2,280.1,280.6,280.65,35575990900,126756,256928
2017/3/31,280.35,280.35,278.2,278.6,279.3,49859980700,178510,247488
2017/4/5,281.2,281.75,280.75,281.25,281.1,21081148700,74992,249036
2017/4/6,280.2,281.7,279.2,281.25,280.45,55552294900,198064,242570
2017/4/7,281.05,285.45,280.4,283.5,283.05,83278407500,294194,250516
2017/4/10,284.45,285.05,281.15,282.2,283,71981359300,254310,239110
2017/4/11,281.25,282.95,280.9,282.75,281.95,47920697900,169940,245826
2017/4/12,283.4,287.1,283.25,285.85,285.2,90249864700,316430,262642
2017/4/13,286.1,288,285.1,287.15,286.6,69583632500,242774,255082
2017/4/14,287.55,288.05,286.75,287.7,287.55,43760947000,152170,259634
2017/4/17,288.05,290.05,286.95,287.2,288.15,56723659800,196830,241540
2017/4/18,286.9,287.9,285.8,286.45,286.75,55670836800,194112,234448
2017/4/19,286.6,287.7,285.2,286.3,286.55,71706612300,250222,226460
2017/4/20,286.55,286.75,284.75,286.1,285.85,61855730500,216358,218118
2017/4/21,285.95,286.35,285.25,285.9,285.8,48776128000,170642,209336
2017/4/24,286.35,287.95,283.5,283.9,285.8,88625408100,310052,189796
2017/4/25,283.35,284.4,282.95,283.9,283.75,47188413800,166292,179352
2017/4/26,282.75,283.55,282.15,282.45,282.7,51768864700,183112,165780
2017/4/27,282.55,283.55,282.05,282.85,282.8,43723718600,154594,153054
2017/4/28,283.1,283.25,282.3,283.2,282.8,36753026400,129946,140542
2017/5/2,283.8,284.4,283.55,283.9,283.9,11334751100,39920,163774
2017/5/3,283.05,283.7,282.85,283.3,283.3,8702771400,30714,165456
2017/5/4,283,283.25,278.7,279.65,281.05,26030455900,92606,174724
2017/5/5,278.05,280,277.4,278.8,278.3,28585516000,102698,182136
2017/5/8,278.3,279.35,278.05,278.5,278.6,24056045100,86346,188964
2017/5/9,278.65,279.4,277.5,278.45,278.5,35875479600,128798,191426
2017/5/10,277.35,277.4,275.65,277.05,276.75,32912603400,118918,201004
2017/5/11,277.25,277.55,276.3,277.35,277.05,25651567200,92586,205942
2017/5/12,277,278.5,276.95,278.1,277.75,33328650700,119980,211756
2017/5/15,278.75,279.55,277.75,279.4,278.65,34789454400,124840,220070
2017/5/16,280.15,280.65,279,280,279.75,33292578600,118992,220422
2017/5/17,280.05,281.3,279.5,280.95,280.55,37479816500,133590,230274
2017/5/18,282.5,284.75,282.35,283.25,283.4,65278833000,230310,237936
2017/5/19,283.55,284.2,281.6,282.65,282.95,52899431400,186950,244610
2017/5/22,283.3,283.6,282.15,283.3,282.9,32387303600,114482,249876
2017/5/23,284.05,285.2,283.45,285.2,284.35,35049046100,123256,262554
2017/5/24,285,285.1,281.5,281.85,283.2,48202072100,170178,267980
2017/5/25,282.5,283.8,281.75,283.3,282.95,38679493700,136700,275156
2017/5/26,282.75,283.5,282,283.35,282.5,29533325800,104532,275262
2017/5/31,283.05,283.3,281.65,281.65,282.25,20961985400,74258,281108
2017/6/1,282.35,283.15,281.4,281.85,282.05,44418684400,157458,283362
2017/6/2,281.25,282.2,280.6,280.85,281,36309231100,129192,288512
2017/6/5,283,285.2,282.75,284.55,283.85,61161956900,215452,304850
2017/6/6,284.8,286.5,284.05,286.3,285.2,38765953800,135910,316800
2017/6/7,286.6,287.2,286.25,286.6,286.7,39743887900,138618,325410
2017/6/8,286.55,286.9,285.05,285.75,286,40529823700,141700,326824
2017/6/9,285.15,285.4,282.15,282.5,283.55,63452268200,223770,332974
2017/6/12,281.8,281.9,281,281.05,281.3,42635328900,151544,339722
2017/6/13,280.85,281.6,280.35,281.15,281.05,29763481700,105884,340090
2017/6/14,280.35,282.4,280.05,281.7,281.3,36887843500,131122,334782
2017/6/15,283,284.65,279.7,279.85,282.15,67237229900,238286,340830
2017/6/16,278.5,279.8,278.3,279.35,279.1,41294531300,147956,342074
2017/6/19,279.65,279.8,278.5,278.85,279.1,27873467200,99854,343958
2017/6/20,278.55,278.9,277.6,278.25,278.25,31103409900,111782,344998
2017/6/21,278.05,278.5,277.3,278.15,277.95,28973067600,104238,344970
2017/6/22,277.85,280.3,277.3,279.9,279.05,37728561300,135198,341690
2017/6/23,280.15,280.55,279.1,280.45,279.9,33423891800,119404,337016
2017/6/26,281.55,281.55,280.35,280.6,280.7,21968721300,78260,333442
2017/6/27,278.35,279.45,277.9,279.4,278.55,47475939400,170412,326864
2017/6/28,278.6,279.3,278.05,278.75,278.65,47054280900,168850,332470
2017/6/29,278.95,279.15,277.7,278.15,278.35,44255848900,158992,337162
2017/6/30,276.4,277.35,275.4,275.5,276.2,61232462100,221690,338722
2017/7/3,275.3,276.3,274.35,274.6,275.1,39137698000,142246,343202
2017/7/4,273.25,273.35,271.6,272.6,272.45,51906123900,190506,346746
2017/7/5,272.7,273.3,272.05,272.4,272.6,27971663400,102604,345904
2017/7/6,271.1,273.2,271.05,272.85,272.3,35205728800,129270,346032
2017/7/7,272.9,273.25,271.6,272.2,272.3,31320047000,115020,347806
2017/7/10,272.25,272.35,268,268.8,269.75,65250966400,241862,349336
2017/7/11,269.35,270.7,268.95,270,269.9,37602370200,139294,347824
2017/7/12,270.1,271.65,269.25,271,270.75,42273873700,156136,348784
2017/7/13,272.35,272.45,271.05,271.75,271.6,42008914700,154644,352132
2017/7/14,271.5,271.5,269.85,270.65,270.6,30727616300,113550,353988
2017/7/17,273.15,273.45,272.3,273,272.85,44606002300,163458,350286
2017/7/18,273.7,274.4,273.5,273.7,273.9,34492023700,125924,341346
2017/7/19,274.3,274.75,273.85,274.05,274.15,31252350200,113988,336326
2017/7/20,274.55,274.75,273.9,274.2,274.2,27460345100,100138,343990
2017/7/21,274.3,275.85,273.5,275.8,274.95,47721012800,173552,349878
2017/7/24,276.7,277.45,276.05,276.45,276.7,34545013900,124830,348868
2017/7/25,277.35,277.4,276.15,276.8,276.65,27401299600,99046,346342
2017/7/26,276.1,276.5,274.15,274.4,275.35,39282557100,142662,350512
2017/7/27,274.8,278.05,274.6,277.6,276.75,45418477700,164112,342962
2017/7/28,277.9,277.95,276.6,277.25,277.3,41408510200,149302,338706
2017/7/31,277.95,278.95,277.65,278.05,278.35,40944540700,147076,339218
2017/8/1,278.3,278.5,277.75,278,278.15,25722664600,92472,345998
2017/8/2,278,279.05,277.55,277.95,278.25,44735504800,160750,349628
2017/8/3,277.6,278.8,276.6,276.9,277.65,40969470100,147540,351140
2017/8/4,277.55,278.55,277.4,278.45,278,39788411000,143116,359734
2017/8/7,277,277.25,275.65,275.95,276.25,48365622900,175064,353954
2017/8/8,275.85,276.5,275.35,275.7,275.95,30992801500,112310,353302
2017/8/9,276.2,277.6,274.15,276.45,275.7,51418240900,186480,353536
2017/8/10,278.1,278.8,277.4,278.45,278,52105662700,187428,350424
2017/8/11,279.35,280.3,278.85,279.85,279.6,62306859100,222826,355820
2017/8/14,279.75,280.3,278.55,279.75,279.6,48954597100,175078,355662
2017/8/15,278.9,279.75,277,277.85,278.2,50783046600,182520,348620
2017/8/16,276.55,277.9,276.35,276.95,277.15,33234979700,119916,347326
2017/8/17,277.1,280.45,276.65,279.95,278.9,53601611500,192184,352070
2017/8/18,279.45,280.5,278.75,280.5,279.75,40457130500,144594,360176
2017/8/21,281.8,282.6,278.75,279.7,280.5,66806975700,238136,361748
2017/8/22,279.8,280.95,279,279.1,280.05,41859787400,149470,358624
2017/8/23,279.65,280.4,278.35,279.15,279.15,41519276600,148734,354190
2017/8/24,279.75,279.9,279.05,279.25,279.5,33272730400,119042,355920
2017/8/25,279.3,279.75,278.6,279.05,279.05,31208275400,111830,358560
2017/8/28,278.95,280.9,276.5,280.45,279.2,73682016400,263900,358164
2017/8/29,280.3,283.8,279.75,283.8,282.25,60689909100,215014,369830
2017/8/30,283.8,284.3,280.25,280.35,282.2,62165548800,220274,358480
2017/8/31,280.35,281.3,279.2,279.9,280.3,39625801400,141360,358378
2017/9/1,280.9,282.65,280.7,281.8,281.9,48862381600,173324,357650
2017/9/4,282.25,285,281.2,284.2,283,70192270100,248002,358922
2017/9/5,283.2,284.05,282.75,283.65,283.4,33539468000,118342,359688
2017/9/6,282.9,284.45,282.85,284.1,283.75,47555858800,167572,356580
2017/9/7,283.9,284.1,282.4,283.05,283.2,48566442200,171472,354744
2017/9/8,283.65,283.95,282.75,283.7,283.4,66570984100,234876,346738
2017/9/11,283.25,283.85,281.75,282.4,282.95,58246219700,205840,346546
2017/9/12,282.3,282.75,280.9,281.1,281.8,39127737200,138828,337000
2017/9/13,281.2,282.05,281.05,281.5,281.6,29736755900,105588,340730
2017/9/14,281.8,282.05,280.55,281.15,281.15,42836627200,152354,340358
2017/9/15,281.75,282.9,281.4,282.45,282.15,41780659000,148056,339532
2017/9/18,281.8,281.95,279.75,279.85,280.85,46665799900,166142,335756
2017/9/19,279.65,280.3,278.85,279.8,279.7,40915283800,146266,320598
2017/9/20,279.65,280.35,279.45,280.05,280.05,26278750400,93828,319206
2017/9/21,280.05,280.95,277.5,277.5,279,54696048200,196020,315744
2017/9/22,276.7,278,276.55,277.95,277.2,42361867300,152812,303544
2017/9/25,277.2,277.85,277,277.6,277.4,28049175200,101102,305276
2017/9/26,278,282.15,277.75,281.8,280.6,58909212900,209918,298340
2017/9/27,280.15,281.2,279.05,279.2,280.05,49657633600,177298,302816
2017/9/28,278.55,278.95,277.35,277.7,278.05,43667542900,157036,289274
2017/9/29,278.05,279.05,277.75,278.9,278.4,27577337100,99056,286592
2017/10/9,276.4,277.6,276.1,276.75,277.05,26803072100,96730,294948
2017/10/10,276.65,277.3,276.4,276.65,276.75,24757687600,89448,297970
2017/10/11,276.65,277.3,275.85,276.1,276.5,28397667900,102690,301148
2017/10/12,276.35,277.5,275.5,277.1,276.6,29481003500,106566,301212
2017/10/13,276.75,277.5,276.3,277.2,276.9,22598473200,81608,298044
2017/10/16,277.75,278.85,277.3,278.7,278,33959639600,122152,296106
2017/10/17,279,279.05,277,277.25,277.75,36912760400,132882,283332
2017/10/18,276.75,276.95,276.1,276.15,276.55,30259394300,109406,278086
2017/10/19,275.95,276.45,275.2,275.7,275.7,29911345900,108490,269550
2017/10/20,276.2,276.9,275.8,276.05,276.25,32238993900,116690,265528
2017/10/23,276,276.05,274.8,274.9,275.3,33973302400,123402,262902
2017/10/24,274.7,276.25,274.45,275.8,275.5,28230368500,102460,256802
2017/10/25,275.35,275.45,274.5,274.55,274.9,29073233100,105748,250284
2017/10/26,274.4,275.85,274.4,275.8,275.35,35075071900,127364,244458
2017/10/27,275.2,275.65,273.65,273.95,274.4,40224594200,146570,237496
2017/10/30,273.65,274.8,273.65,274.3,274.3,36358987900,132546,220844
2017/10/31,274.25,275.15,274.15,274.5,274.6,35621141200,129702,197174
2017/11/1,273.9,274.15,273.1,273.9,273.55,29367411600,107352,184966
2017/11/2,273.8,274.2,273,274,273.75,22662364600,82780,180296
2017/11/3,273.7,274.8,273.5,274,274.05,22367627800,81612,180534
2017/11/6,274.1,274.65,272.8,273.4,273.6,26145932700,95554,174718
2017/11/7,273.75,275.4,273.55,274.75,274.45,22432923700,81728,163132
2017/11/8,274.8,275.05,273.9,274.8,274.65,17418705000,63420,160210
2017/11/9,275.1,276.15,275.05,275.75,275.55,22870204000,82990,144354
2017/11/10,280.9,281.2,280.3,280.85,280.8,16378875000,58324,161310
2017/11/13,281.1,281.15,279.3,279.65,279.9,12253995600,43774,160978
2017/11/14,279.8,280.15,279.2,279.3,279.5,10104088100,36148,163660
2017/11/15,278.85,280.3,278.25,279.8,279.45,22935758600,82062,167836
2017/11/16,280.2,280.65,278.85,279.15,279.7,30552199100,109230,170206
2017/11/17,279.35,280.1,279.05,280.1,279.6,23338069500,83458,177048
2017/11/20,280,284.15,279.9,281.65,281.15,35093483800,124816,198364
2017/11/21,281.6,282,279.1,279.9,280.35,35237576200,125686,194856
2017/11/22,279.35,280.6,279.25,279.95,279.8,27556226000,98470,197390
2017/11/23,280.15,280.95,279.85,280.1,280.3,25990572700,92712,200858
2017/11/24,280.15,280.45,279.5,280.45,280.05,17252575200,61598,203922
2017/11/27,280.05,280.5,279.65,280.45,280.1,21161206300,75548,208924
2017/11/28,281.25,282.4,281,281.55,281.55,39799827000,141338,234998
2017/11/29,281.75,282.05,280.65,281.75,281.5,25200495800,89514,235040
2017/11/30,281.55,281.6,279.3,279.55,280.25,44933763200,160322,219304
2017/12/1,279.35,279.35,277.4,277.75,278.2,32312509500,116132,223136
2017/12/4,277.6,279.95,276.7,277.55,278.05,44060102800,158454,228100
2017/12/5,277.3,278.3,277.25,277.7,277.65,21535508000,77562,232240
2017/12/6,277.55,277.7,275.1,276.05,276.1,41730575300,151124,239546
2017/12/7,275.85,276.35,273.45,274.15,275,35288340900,128306,251254
2017/12/8,273.65,273.95,272.05,272.35,272.9,31479868200,115350,264838
2017/12/11,272.25,273.2,271.5,272.55,272.3,30648644900,112536,265648
2017/12/12,272.9,272.9,271.25,271.9,271.9,21039915200,77378,269106
2017/12/13,271.6,272.05,270.9,271.85,271.45,21106671000,77742,267944
2017/12/14,271.75,275.15,271.6,274.25,273.5,40713069000,148848,262238
2017/12/15,274.1,274.6,273.5,274.25,273.95,23185957200,84622,264592
2017/12/18,274.75,275.3,273.7,274.4,274.35,30220087000,110138,265180
2017/12/19,274.95,275.9,274.45,275.55,275.1,29588802300,107556,264386
2017/12/20,275.35,275.5,274.8,274.95,275.1,20202913800,73426,262544
2017/12/21,275.15,275.3,274.35,274.7,274.75,24129763700,87822,265840
2017/12/22,274.5,275.05,274.25,274.9,274.65,17627891000,64172,266088
2017/12/25,275.25,276.75,274.9,276.6,275.9,23506677400,85190,262910
2017/12/26,276.45,276.6,275.6,276.5,276.25,11526152400,41718,262238
2017/12/27,276.5,277.2,276.3,277.15,276.8,19913750600,71938,255188
2017/12/28,277.45,278.55,277.35,278.05,277.9,20957588500,75412,253730
2017/12/29,278,278.3,277.45,277.8,277.9,19583300200,70460,247600
2018/1/2,279.55,279.9,278.95,279.4,279.2,15291058700,54760,255972
2018/1/3,279.8,281.45,279.45,280.35,280.4,33793314000,120498,269758
2018/1/4,280.25,280.5,278.35,279,279.3,32290310200,115606,268078
2018/1/5,279.3,280.5,278.4,279.85,279.7,36911520400,131968,271418
2018/1/8,279.55,280.8,279.05,280.2,279.95,34343562500,122670,265332
2018/1/9,280.35,281,280,280.55,280.5,27253832400,97146,269750
2018/1/10,280.6,280.85,279.75,279.95,280.15,28196235900,100630,275136
2018/1/11,281.7,281.85,280.5,280.85,281.1,30359165000,107986,277640
2018/1/12,280.95,281.8,280.55,281.55,281.15,30130367900,107150,281512
2018/1/15,281.7,282.6,280.05,282.05,281.75,43423027500,154100,281200
2018/1/16,282.25,282.35,281.5,281.65,281.9,20772222300,73686,278914
2018/1/17,281.05,281.9,280.55,280.8,281.1,33745873900,120036,277878
2018/1/18,280.95,281,278.65,279.25,279.65,33756617100,120704,275960
2018/1/19,278.8,279.4,277.9,278.35,278.65,34553895100,123998,275066
2018/1/22,278.9,279.15,278.45,278.5,278.85,25594246000,91784,274708
2018/1/23,278.9,279.6,278.6,279.4,279.1,29693436600,106384,282894
2018/1/24,279.65,280.7,279.15,280.7,279.8,36378262900,129994,289142
2018/1/25,281.25,282.1,280.75,281.75,281.4,41543064800,147606,289750
2018/1/26,280.65,281.25,279.15,279.95,280.2,45013257000,160632,289436
2018/1/29,279.4,280,278.55,278.7,279.25,32544038000,116526,295796
2018/1/30,278.25,278.75,276.2,276.35,277.45,39445428700,142162,298672
2018/1/31,277.55,278.05,276.45,276.6,277.1,36087472700,130220,294800
2018/2/1,276.1,276.8,275.6,276.05,276.15,29825066000,107992,291744
2018/2/2,275.85,276.85,275.6,276.4,276.25,26279753000,95114,295254
2018/2/5,276.15,276.5,273.75,274,274.65,49350176400,179670,302310
2018/2/6,274.3,277.4,273.8,276,275.7,45528788300,165138,308226
2018/2/7,274.95,274.95,271.65,272.3,273.05,47433674400,173706,308076
2018/2/8,271.65,272.15,270.35,271.7,271.25,45904837200,169214,312778
2018/2/9,272.3,274.5,271.8,273.05,272.95,41991194300,153838,314210
2018/2/12,271.85,273.1,270.85,272.9,272,45054119300,165634,319818
2018/2/13,272.7,274.35,272.65,274.25,273.5,29048257600,106204,315230
2018/2/14,274.65,276.15,273.55,276.1,275,27939633300,101596,307424
2018/2/22,274.7,274.8,273.3,273.65,273.85,18932212300,69122,313768
2018/2/23,274,275,274,274.6,274.45,24665955800,89858,321220
2018/2/26,275.05,275.95,274.1,275.85,275.05,28906478800,105090,328434
2018/2/27,275.25,275.6,274.05,274.4,274.7,30207380800,109948,324142
2018/2/28,274.35,274.4,271.7,272.05,272.75,44842512400,164380,328194
2018/3/1,272.35,272.75,271.35,271.7,272.05,26295263300,96650,330226
2018/3/2,270.95,273.05,270.7,272.7,271.9,48117130300,176954,336474
2018/3/5,273.3,273.9,272.45,273.65,273.35,34994446200,128004,333908
2018/3/6,273.35,273.5,272.35,273.3,273,22217755600,81380,334266
2018/3/7,273.7,275.3,273.6,274.5,274.55,43671580600,159050,328022
2018/3/8,274,274.35,273.15,274,273.8,35696925000,130368,333818
2018/3/9,273.75,274.15,272.25,272.55,273.1,32583620000,119300,334198
2018/3/12,272.4,273.25,271.45,272.5,272.35,42444615400,155822,331402
2018/3/13,271.8,272.9,271.65,272.3,272.2,24856785900,91312,336476
2018/3/14,273,273.6,271.9,272.75,272.9,39462901300,144588,334406
2018/3/15,272.2,272.85,272,272.5,272.35,23681037400,86940,334692
